absence_days,False,True
0,81.93131868131869,79.89473684210526
1,81.85714285714285,80.98611111111111
2,82.13415258576549,82.01758241758242
3,82.39622641509433,82.01207243460765
4,80.78028933092224,82.22648083623693
5,82.06451612903226,78.69686411149826
6,78.73376623376623,79.73076923076923
7,79.08277703604807,80.29192546583852
8,78.36111111111111,79.66666666666667
9,76.1530612244898,77.34693877551021
10,77.01705756929637,75.52380952380952
